IdUser,Points,Money
2323,69755,697,55
IdUser,Points,Money
2323,240,2,40
IdUser,Points,Money
2323,60,0,60
IdUser,Points,Money
2323,195,1,95
IdUser,Points,Money
2323,255,2,55
IdUser,Points,Money
12,150,1,50
IdUser,Points,Money
12,150,1,50
IdUser,Points,Money
37,400,4,00
IdUser,Points,Money
37,570,5,70
IdUser,Points,Money
37,60,0,60
IdUser,Points,Money
18,70,0,70
IdUser,Points,Money
7777,350,3,50
IdUser,Points,Money
7777,620,6,20
IdUser,Points,Money
7777,1955,19,55
IdUser,Points,Money
7777,380,3,80
IdUser,Points,Money
7777,435,4,35
IdUser,Points,Money
7777,1030,10,30
IdUser,Points,Money
7777,1120,11,20
IdUser,Points,Money
7777,1120,11,20
IdUser,Points,Money
7777,795,7,95
IdUser,Points,Money
12234567,45,0,45
IdUser,Points,Money
12234567,45,0,45
IdUser,Points,Money
12234567,45,0,45
